"File","Count"
"D:\hemidi-labs\midicoder-ce\midicoder\packs\cp01_domain_model\command_effects.py","1"
"D:\hemidi-labs\midicoder-ce\midicoder\packs\cp01_domain_model\command_parser.py","1"
"D:\hemidi-labs\midicoder-ce\midicoder\packs\cp01_domain_model\entity_parser.py","1"
"D:\hemidi-labs\midicoder-ce\midicoder\packs\cp01_domain_model\error_handler_fastapi.py","1"
"D:\hemidi-labs\midicoder-ce\midicoder\packs\cp01_domain_model\query_effects.py","2"
"D:\hemidi-labs\midicoder-ce\midicoder\packs\cp01_domain_model\query_fastapi.py","1"
"D:\hemidi-labs\midicoder-ce\midicoder\packs\cp01_domain_model\query_guards.py","1"
"D:\hemidi-labs\midicoder-ce\midicoder\packs\cp01_domain_model\query_nestjs.py","1"
"D:\hemidi-labs\midicoder-ce\midicoder\packs\cp01_domain_model\recipes.py","2"
"D:\hemidi-labs\midicoder-ce\midicoder\packs\cp01_domain_model\vo_parser.py","1"
"D:\hemidi-labs\midicoder-ce\midicoder\packs\cp01_domain_model\__init__.py","1"
"D:\hemidi-labs\midicoder-ce\midicoder\packs\cp01_domain_model\tests\test_command_compliance.py","3"
"D:\hemidi-labs\midicoder-ce\midicoder\packs\cp01_domain_model\tests\test_command_effects.py","3"
"D:\hemidi-labs\midicoder-ce\midicoder\packs\cp01_domain_model\tests\test_command_emitter.py","8"
"D:\hemidi-labs\midicoder-ce\midicoder\packs\cp01_domain_model\tests\test_command_guards_p2.py","3"
"D:\hemidi-labs\midicoder-ce\midicoder\packs\cp01_domain_model\tests\test_command_parser.py","2"
"D:\hemidi-labs\midicoder-ce\midicoder\packs\cp01_domain_model\tests\test_entity_emitter.py","1"
"D:\hemidi-labs\midicoder-ce\midicoder\packs\cp01_domain_model\tests\test_entity_models.py","1"
"D:\hemidi-labs\midicoder-ce\midicoder\packs\cp01_domain_model\tests\test_entity_parser.py","2"
"D:\hemidi-labs\midicoder-ce\midicoder\packs\cp01_domain_model\tests\test_error_handler_models.py","8"
"D:\hemidi-labs\midicoder-ce\midicoder\packs\cp01_domain_model\tests\test_pack_emitter_router.py","1"
"D:\hemidi-labs\midicoder-ce\midicoder\packs\cp01_domain_model\tests\test_query_emitter.py","1"
"D:\hemidi-labs\midicoder-ce\midicoder\packs\cp01_domain_model\tests\test_recipes.py","2"
"D:\hemidi-labs\midicoder-ce\midicoder\packs\cp01_domain_model\tests\test_value_objects_tenant.py","3"
"D:\hemidi-labs\midicoder-ce\midicoder\packs\cp01_domain_model\tests\test_value_object_core.py","1"
"D:\hemidi-labs\midicoder-ce\midicoder\packs\cp01_domain_model\tests\test_value_object_fastapi.py","1"
"D:\hemidi-labs\midicoder-ce\midicoder\packs\cp01_domain_model\tests\test_value_object_nestjs.py","1"
"D:\hemidi-labs\midicoder-ce\midicoder\packs\cp01_domain_model\tests\test_value_object_parser.py","2"
"D:\hemidi-labs\midicoder-ce\midicoder\packs\cp02_multi_tenant\angular.py","1"
"D:\hemidi-labs\midicoder-ce\midicoder\packs\cp02_multi_tenant\fastapi.py","1"
"D:\hemidi-labs\midicoder-ce\midicoder\packs\cp02_multi_tenant\nestjs.py","1"
"D:\hemidi-labs\midicoder-ce\midicoder\packs\cp02_multi_tenant\react.py","1"
"D:\hemidi-labs\midicoder-ce\midicoder\packs\cp02_multi_tenant\recipes.py","1"
"D:\hemidi-labs\midicoder-ce\midicoder\packs\cp02_multi_tenant\__init__.py","5"
"D:\hemidi-labs\midicoder-ce\midicoder\packs\cp02_multi_tenant\tests\test_emitters.py","5"
"D:\hemidi-labs\midicoder-ce\midicoder\packs\cp02_multi_tenant\tests\test_models.py","1"
"D:\hemidi-labs\midicoder-ce\midicoder\packs\cp02_multi_tenant\tests\test_recipes.py","2"
"D:\hemidi-labs\midicoder-ce\midicoder\packs\cp03_auth\angular.py","1"
"D:\hemidi-labs\midicoder-ce\midicoder\packs\cp03_auth\fastapi.py","1"
"D:\hemidi-labs\midicoder-ce\midicoder\packs\cp03_auth\nestjs.py","1"
"D:\hemidi-labs\midicoder-ce\midicoder\packs\cp03_auth\parser.py","1"
"D:\hemidi-labs\midicoder-ce\midicoder\packs\cp03_auth\react.py","1"
"D:\hemidi-labs\midicoder-ce\midicoder\packs\cp03_auth\recipes.py","1"
"D:\hemidi-labs\midicoder-ce\midicoder\packs\cp03_auth\__init__.py","7"
"D:\hemidi-labs\midicoder-ce\midicoder\packs\cp03_auth\tests\test_angular.py","2"
"D:\hemidi-labs\midicoder-ce\midicoder\packs\cp03_auth\tests\test_extended_models.py","1"
"D:\hemidi-labs\midicoder-ce\midicoder\packs\cp03_auth\tests\test_extended_parser.py","2"
"D:\hemidi-labs\midicoder-ce\midicoder\packs\cp03_auth\tests\test_fastapi.py","2"
"D:\hemidi-labs\midicoder-ce\midicoder\packs\cp03_auth\tests\test_integration.py","8"
"D:\hemidi-labs\midicoder-ce\midicoder\packs\cp03_auth\tests\test_models.py","1"
"D:\hemidi-labs\midicoder-ce\midicoder\packs\cp03_auth\tests\test_nestjs.py","2"
"D:\hemidi-labs\midicoder-ce\midicoder\packs\cp03_auth\tests\test_parser.py","2"
"D:\hemidi-labs\midicoder-ce\midicoder\packs\cp03_auth\tests\test_react.py","2"
"D:\hemidi-labs\midicoder-ce\midicoder\packs\cp03_auth\tests\test_recipes.py","3"
"D:\hemidi-labs\midicoder-ce\midicoder\packs\cp04_rbac\parser.py","1"
"D:\hemidi-labs\midicoder-ce\midicoder\packs\cp04_rbac\policy_engine.py","1"
"D:\hemidi-labs\midicoder-ce\midicoder\packs\cp04_rbac\rbac_engine.py","1"
"D:\hemidi-labs\midicoder-ce\midicoder\packs\cp04_rbac\__init__.py","8"
"D:\hemidi-labs\midicoder-ce\midicoder\packs\cp04_rbac\tests\test_core_models.py","1"
"D:\hemidi-labs\midicoder-ce\midicoder\packs\cp04_rbac\tests\test_integration.py","8"
"D:\hemidi-labs\midicoder-ce\midicoder\packs\cp04_rbac\tests\test_models.py","1"
"D:\hemidi-labs\midicoder-ce\midicoder\packs\cp05_event_driven\tests\test_e2e.py","2"
"D:\hemidi-labs\midicoder-ce\midicoder\packs\cp05_event_driven\tests\test_emitters.py","3"
"D:\hemidi-labs\midicoder-ce\midicoder\packs\cp05_event_driven\tests\test_models.py","1"
"D:\hemidi-labs\midicoder-ce\midicoder\packs\cp05_event_driven\tests\test_pack.py","4"
"D:\hemidi-labs\midicoder-ce\midicoder\packs\cp05_event_driven\tests\test_parser.py","1"
"D:\hemidi-labs\midicoder-ce\midicoder\packs\cp05_event_driven\tests\test_recipes.py","2"
"D:\hemidi-labs\midicoder-ce\midicoder\packs\cp06_api_gateway\angular.py","1"
"D:\hemidi-labs\midicoder-ce\midicoder\packs\cp06_api_gateway\fastapi.py","2"
"D:\hemidi-labs\midicoder-ce\midicoder\packs\cp06_api_gateway\nestjs.py","2"
"D:\hemidi-labs\midicoder-ce\midicoder\packs\cp06_api_gateway\parser.py","1"
"D:\hemidi-labs\midicoder-ce\midicoder\packs\cp06_api_gateway\react.py","1"
"D:\hemidi-labs\midicoder-ce\midicoder\packs\cp06_api_gateway\recipes.py","2"
"D:\hemidi-labs\midicoder-ce\midicoder\packs\cp06_api_gateway\route_fastapi.py","1"
"D:\hemidi-labs\midicoder-ce\midicoder\packs\cp06_api_gateway\route_nestjs.py","1"
"D:\hemidi-labs\midicoder-ce\midicoder\packs\cp06_api_gateway\route_parser.py","1"
"D:\hemidi-labs\midicoder-ce\midicoder\packs\cp06_api_gateway\__init__.py","12"
"D:\hemidi-labs\midicoder-ce\midicoder\packs\cp06_api_gateway\tests\test_e2e.py","6"
"D:\hemidi-labs\midicoder-ce\midicoder\packs\cp06_api_gateway\tests\test_gateway_emitters.py","6"
"D:\hemidi-labs\midicoder-ce\midicoder\packs\cp06_api_gateway\tests\test_kong_emitter.py","1"
"D:\hemidi-labs\midicoder-ce\midicoder\packs\cp06_api_gateway\tests\test_kong_models.py","1"
"D:\hemidi-labs\midicoder-ce\midicoder\packs\cp06_api_gateway\tests\test_models.py","1"
"D:\hemidi-labs\midicoder-ce\midicoder\packs\cp06_api_gateway\tests\test_parser.py","2"
"D:\hemidi-labs\midicoder-ce\midicoder\packs\cp06_api_gateway\tests\test_route_emitter.py","4"
"D:\hemidi-labs\midicoder-ce\midicoder\packs\cp07_iac\docker.py","2"
"D:\hemidi-labs\midicoder-ce\midicoder\packs\cp07_iac\fastapi.py","3"
"D:\hemidi-labs\midicoder-ce\midicoder\packs\cp07_iac\models.py","1"
"D:\hemidi-labs\midicoder-ce\midicoder\packs\cp07_iac\nestjs.py","3"
"D:\hemidi-labs\midicoder-ce\midicoder\packs\cp07_iac\terraform.py","2"
"D:\hemidi-labs\midicoder-ce\midicoder\packs\cp07_iac\__init__.py","4"
"D:\hemidi-labs\midicoder-ce\midicoder\packs\cp07_iac\tests\test_fastapi.py","2"
"D:\hemidi-labs\midicoder-ce\midicoder\packs\cp07_iac\tests\test_models.py","1"
"D:\hemidi-labs\midicoder-ce\midicoder\packs\cp07_iac\tests\test_nestjs.py","2"
"D:\hemidi-labs\midicoder-ce\midicoder\packs\cp08_database\fastapi.py","1"
"D:\hemidi-labs\midicoder-ce\midicoder\packs\cp08_database\nestjs.py","1"
"D:\hemidi-labs\midicoder-ce\midicoder\packs\cp08_database\parser.py","1"
"D:\hemidi-labs\midicoder-ce\midicoder\packs\cp08_database\__init__.py","4"
"D:\hemidi-labs\midicoder-ce\midicoder\packs\cp08_database\tests\test_advanced_capabilities.py","3"
"D:\hemidi-labs\midicoder-ce\midicoder\packs\cp08_database\tests\test_emitters.py","4"
"D:\hemidi-labs\midicoder-ce\midicoder\packs\cp08_database\tests\test_models.py","1"
"D:\hemidi-labs\midicoder-ce\midicoder\packs\cp08_database\tests\test_parser.py","2"
"D:\hemidi-labs\midicoder-ce\midicoder\packs\cp08_database\tests\test_recipes.py","2"
"D:\hemidi-labs\midicoder-ce\midicoder\packs\cp09_cache\angular.py","1"
"D:\hemidi-labs\midicoder-ce\midicoder\packs\cp09_cache\fastapi.py","1"
"D:\hemidi-labs\midicoder-ce\midicoder\packs\cp09_cache\nestjs.py","1"
"D:\hemidi-labs\midicoder-ce\midicoder\packs\cp09_cache\parser.py","1"
"D:\hemidi-labs\midicoder-ce\midicoder\packs\cp09_cache\react.py","1"
"D:\hemidi-labs\midicoder-ce\midicoder\packs\cp09_cache\warm_up.py","2"
"D:\hemidi-labs\midicoder-ce\midicoder\packs\cp09_cache\__init__.py","13"
"D:\hemidi-labs\midicoder-ce\midicoder\packs\cp09_cache\providers\__init__.py","4"
"D:\hemidi-labs\midicoder-ce\midicoder\packs\cp09_cache\tests\test_decorators.py","1"
"D:\hemidi-labs\midicoder-ce\midicoder\packs\cp09_cache\tests\test_e2e.py","6"
"D:\hemidi-labs\midicoder-ce\midicoder\packs\cp09_cache\tests\test_emitters.py","3"
"D:\hemidi-labs\midicoder-ce\midicoder\packs\cp09_cache\tests\test_frontend_emitters.py","3"
"D:\hemidi-labs\midicoder-ce\midicoder\packs\cp09_cache\tests\test_models.py","1"
"D:\hemidi-labs\midicoder-ce\midicoder\packs\cp09_cache\tests\test_parser.py","2"
"D:\hemidi-labs\midicoder-ce\midicoder\packs\cp09_cache\tests\test_providers.py","3"
"D:\hemidi-labs\midicoder-ce\midicoder\packs\cp09_cache\tests\test_warm_up.py","3"
"D:\hemidi-labs\midicoder-ce\midicoder\packs\cp10_search\angular.py","1"
"D:\hemidi-labs\midicoder-ce\midicoder\packs\cp10_search\fastapi.py","1"
"D:\hemidi-labs\midicoder-ce\midicoder\packs\cp10_search\nestjs.py","1"
"D:\hemidi-labs\midicoder-ce\midicoder\packs\cp10_search\parser.py","1"
"D:\hemidi-labs\midicoder-ce\midicoder\packs\cp10_search\react.py","1"
"D:\hemidi-labs\midicoder-ce\midicoder\packs\cp10_search\recipes.py","1"
"D:\hemidi-labs\midicoder-ce\midicoder\packs\cp10_search\__init__.py","6"
"D:\hemidi-labs\midicoder-ce\midicoder\packs\cp10_search\tests\test_e2e.py","2"
"D:\hemidi-labs\midicoder-ce\midicoder\packs\cp10_search\tests\test_recipes.py","7"
"D:\hemidi-labs\midicoder-ce\midicoder\packs\cp10_search\tests\test_search_angular.py","2"
"D:\hemidi-labs\midicoder-ce\midicoder\packs\cp10_search\tests\test_search_fastapi.py","2"
"D:\hemidi-labs\midicoder-ce\midicoder\packs\cp10_search\tests\test_search_models.py","1"
"D:\hemidi-labs\midicoder-ce\midicoder\packs\cp10_search\tests\test_search_models_extended.py","1"
"D:\hemidi-labs\midicoder-ce\midicoder\packs\cp10_search\tests\test_search_nestjs.py","2"
"D:\hemidi-labs\midicoder-ce\midicoder\packs\cp10_search\tests\test_search_parser.py","2"
"D:\hemidi-labs\midicoder-ce\midicoder\packs\cp10_search\tests\test_search_parser_extended.py","2"
"D:\hemidi-labs\midicoder-ce\midicoder\packs\cp10_search\tests\test_search_react.py","2"
"D:\hemidi-labs\midicoder-ce\midicoder\packs\cp11_file_media\angular.py","1"
"D:\hemidi-labs\midicoder-ce\midicoder\packs\cp11_file_media\fastapi.py","1"
"D:\hemidi-labs\midicoder-ce\midicoder\packs\cp11_file_media\nestjs.py","1"
"D:\hemidi-labs\midicoder-ce\midicoder\packs\cp11_file_media\parser.py","1"
"D:\hemidi-labs\midicoder-ce\midicoder\packs\cp11_file_media\react.py","1"
"D:\hemidi-labs\midicoder-ce\midicoder\packs\cp11_file_media\recipes.py","1"
"D:\hemidi-labs\midicoder-ce\midicoder\packs\cp11_file_media\__init__.py","7"
"D:\hemidi-labs\midicoder-ce\midicoder\packs\cp11_file_media\providers\local.py","1"
"D:\hemidi-labs\midicoder-ce\midicoder\packs\cp11_file_media\providers\s3.py","1"
"D:\hemidi-labs\midicoder-ce\midicoder\packs\cp11_file_media\providers\__init__.py","3"
"D:\hemidi-labs\midicoder-ce\midicoder\packs\cp11_file_media\tests\test_cdn_models.py","1"
"D:\hemidi-labs\midicoder-ce\midicoder\packs\cp11_file_media\tests\test_cp11_angular.py","10"
"D:\hemidi-labs\midicoder-ce\midicoder\packs\cp11_file_media\tests\test_cp11_emitters.py","4"
"D:\hemidi-labs\midicoder-ce\midicoder\packs\cp11_file_media\tests\test_cp11_fastapi.py","2"
"D:\hemidi-labs\midicoder-ce\midicoder\packs\cp11_file_media\tests\test_cp11_models.py","30"
"D:\hemidi-labs\midicoder-ce\midicoder\packs\cp11_file_media\tests\test_cp11_nestjs.py","4"
"D:\hemidi-labs\midicoder-ce\midicoder\packs\cp11_file_media\tests\test_cp11_pack.py","5"
"D:\hemidi-labs\midicoder-ce\midicoder\packs\cp11_file_media\tests\test_cp11_parser.py","9"
"D:\hemidi-labs\midicoder-ce\midicoder\packs\cp11_file_media\tests\test_cp11_providers.py","4"
"D:\hemidi-labs\midicoder-ce\midicoder\packs\cp11_file_media\tests\test_cp11_react.py","10"
"D:\hemidi-labs\midicoder-ce\midicoder\packs\cp11_file_media\tests\test_recipes.py","2"
"D:\hemidi-labs\midicoder-ce\midicoder\packs\cp12_notification\fastapi.py","1"
"D:\hemidi-labs\midicoder-ce\midicoder\packs\cp12_notification\i18n.py","1"
"D:\hemidi-labs\midicoder-ce\midicoder\packs\cp12_notification\parser.py","1"
"D:\hemidi-labs\midicoder-ce\midicoder\packs\cp12_notification\recipes.py","1"
"D:\hemidi-labs\midicoder-ce\midicoder\packs\cp12_notification\retry_policy.py","1"
"D:\hemidi-labs\midicoder-ce\midicoder\packs\cp12_notification\template_engine.py","1"
"D:\hemidi-labs\midicoder-ce\midicoder\packs\cp12_notification\__init__.py","8"
"D:\hemidi-labs\midicoder-ce\midicoder\packs\cp12_notification\providers\base.py","1"
"D:\hemidi-labs\midicoder-ce\midicoder\packs\cp12_notification\providers\firebase.py","2"
"D:\hemidi-labs\midicoder-ce\midicoder\packs\cp12_notification\providers\sendgrid.py","2"
"D:\hemidi-labs\midicoder-ce\midicoder\packs\cp12_notification\providers\ses.py","2"
"D:\hemidi-labs\midicoder-ce\midicoder\packs\cp12_notification\providers\smtp.py","2"
"D:\hemidi-labs\midicoder-ce\midicoder\packs\cp12_notification\providers\twilio.py","2"
"D:\hemidi-labs\midicoder-ce\midicoder\packs\cp12_notification\providers\webhook.py","2"
"D:\hemidi-labs\midicoder-ce\midicoder\packs\cp12_notification\providers\__init__.py","7"
"D:\hemidi-labs\midicoder-ce\midicoder\packs\cp12_notification\tests\test_i18n.py","2"
"D:\hemidi-labs\midicoder-ce\midicoder\packs\cp12_notification\tests\test_models.py","36"
"D:\hemidi-labs\midicoder-ce\midicoder\packs\cp12_notification\tests\test_models_extended.py","1"
"D:\hemidi-labs\midicoder-ce\midicoder\packs\cp12_notification\tests\test_parser.py","15"
"D:\hemidi-labs\midicoder-ce\midicoder\packs\cp12_notification\tests\test_providers.py","7"
"D:\hemidi-labs\midicoder-ce\midicoder\packs\cp12_notification\tests\test_rate_limiter.py","1"
"D:\hemidi-labs\midicoder-ce\midicoder\packs\cp12_notification\tests\test_recipes.py","2"
"D:\hemidi-labs\midicoder-ce\midicoder\packs\cp12_notification\tests\test_retry_policy.py","2"
"D:\hemidi-labs\midicoder-ce\midicoder\packs\cp12_notification\tests\test_template_engine.py","17"
"D:\hemidi-labs\midicoder-ce\midicoder\packs\cp13_workflow_runtime\queue_provider.py","1"
"D:\hemidi-labs\midicoder-ce\midicoder\packs\cp13_workflow_runtime\effects\audit.py","2"
"D:\hemidi-labs\midicoder-ce\midicoder\packs\cp13_workflow_runtime\tests\test_dag.py","2"
"D:\hemidi-labs\midicoder-ce\midicoder\packs\cp13_workflow_runtime\tests\test_engine.py","15"
"D:\hemidi-labs\midicoder-ce\midicoder\packs\cp13_workflow_runtime\tests\test_fastapi.py","2"
"D:\hemidi-labs\midicoder-ce\midicoder\packs\cp13_workflow_runtime\tests\test_guards.py","39"
"D:\hemidi-labs\midicoder-ce\midicoder\packs\cp13_workflow_runtime\tests\test_models.py","1"
"D:\hemidi-labs\midicoder-ce\midicoder\packs\cp13_workflow_runtime\tests\test_nestjs.py","2"
"D:\hemidi-labs\midicoder-ce\midicoder\packs\cp13_workflow_runtime\tests\test_parser.py","2"
"D:\hemidi-labs\midicoder-ce\midicoder\packs\cp13_workflow_runtime\tests\test_queue_provider.py","1"
"D:\hemidi-labs\midicoder-ce\midicoder\packs\cp13_workflow_runtime\tests\test_retry_dlq.py","4"
"D:\hemidi-labs\midicoder-ce\midicoder\packs\cp13_workflow_runtime\tests\test_saga.py","2"
"D:\hemidi-labs\midicoder-ce\midicoder\packs\cp13_workflow_runtime\tests\test_scheduler.py","26"
"D:\hemidi-labs\midicoder-ce\midicoder\packs\cp14_audit_compliance\angular.py","1"
"D:\hemidi-labs\midicoder-ce\midicoder\packs\cp14_audit_compliance\audit_engine.py","1"
"D:\hemidi-labs\midicoder-ce\midicoder\packs\cp14_audit_compliance\fastapi.py","1"
"D:\hemidi-labs\midicoder-ce\midicoder\packs\cp14_audit_compliance\nestjs.py","1"
"D:\hemidi-labs\midicoder-ce\midicoder\packs\cp14_audit_compliance\parser.py","1"
"D:\hemidi-labs\midicoder-ce\midicoder\packs\cp14_audit_compliance\react.py","1"
"D:\hemidi-labs\midicoder-ce\midicoder\packs\cp14_audit_compliance\recipes.py","1"
"D:\hemidi-labs\midicoder-ce\midicoder\packs\cp14_audit_compliance\__init__.py","7"
"D:\hemidi-labs\midicoder-ce\midicoder\packs\cp14_audit_compliance\tests\test_audit_engine.py","2"
"D:\hemidi-labs\midicoder-ce\midicoder\packs\cp14_audit_compliance\tests\test_emitters.py","5"
"D:\hemidi-labs\midicoder-ce\midicoder\packs\cp14_audit_compliance\tests\test_ledger_report_models.py","1"
"D:\hemidi-labs\midicoder-ce\midicoder\packs\cp14_audit_compliance\tests\test_models.py","1"
"D:\hemidi-labs\midicoder-ce\midicoder\packs\cp14_audit_compliance\tests\test_parser.py","2"
"D:\hemidi-labs\midicoder-ce\midicoder\packs\cp14_audit_compliance\tests\test_recipes.py","2"
"D:\hemidi-labs\midicoder-ce\midicoder\packs\cp15_observability\logging.py","1"
"D:\hemidi-labs\midicoder-ce\midicoder\packs\cp15_observability\metrics.py","1"
"D:\hemidi-labs\midicoder-ce\midicoder\packs\cp15_observability\parser.py","4"
"D:\hemidi-labs\midicoder-ce\midicoder\packs\cp15_observability\__init__.py","9"
"D:\hemidi-labs\midicoder-ce\midicoder\packs\cp15_observability\tests\test_observability_engine.py","4"
"D:\hemidi-labs\midicoder-ce\midicoder\packs\cp15_observability\tests\test_observability_integration.py","23"
"D:\hemidi-labs\midicoder-ce\midicoder\packs\cp15_observability\tests\test_observability_models.py","1"
"D:\hemidi-labs\midicoder-ce\midicoder\packs\cp15_observability\tests\test_observability_parser.py","2"
"D:\hemidi-labs\midicoder-ce\midicoder\packs\cp15_observability\tests\test_observability_templates.py","10"
"D:\hemidi-labs\midicoder-ce\midicoder\packs\cp16_monitoring\alert.py","1"
"D:\hemidi-labs\midicoder-ce\midicoder\packs\cp16_monitoring\dashboard.py","1"
"D:\hemidi-labs\midicoder-ce\midicoder\packs\cp16_monitoring\parser.py","1"
"D:\hemidi-labs\midicoder-ce\midicoder\packs\cp16_monitoring\sli.py","1"
"D:\hemidi-labs\midicoder-ce\midicoder\packs\cp16_monitoring\__init__.py","9"
"D:\hemidi-labs\midicoder-ce\midicoder\packs\cp16_monitoring\tests\test_emitters.py","4"
"D:\hemidi-labs\midicoder-ce\midicoder\packs\cp16_monitoring\tests\test_monitoring_engine.py","4"
"D:\hemidi-labs\midicoder-ce\midicoder\packs\cp16_monitoring\tests\test_monitoring_integration.py","5"
"D:\hemidi-labs\midicoder-ce\midicoder\packs\cp16_monitoring\tests\test_monitoring_models.py","1"
"D:\hemidi-labs\midicoder-ce\midicoder\packs\cp16_monitoring\tests\test_monitoring_parser.py","6"
"D:\hemidi-labs\midicoder-ce\midicoder\packs\cp16_monitoring\tests\test_new_models.py","1"
"D:\hemidi-labs\midicoder-ce\midicoder\packs\cp16_monitoring\tests\test_recipes.py","2"
"D:\hemidi-labs\midicoder-ce\midicoder\packs\cp17_bi_analytics\analytics_engine.py","1"
"D:\hemidi-labs\midicoder-ce\midicoder\packs\cp17_bi_analytics\dashboard_builder.py","1"
"D:\hemidi-labs\midicoder-ce\midicoder\packs\cp17_bi_analytics\parser.py","1"
"D:\hemidi-labs\midicoder-ce\midicoder\packs\cp17_bi_analytics\report_scheduler.py","2"
"D:\hemidi-labs\midicoder-ce\midicoder\packs\cp17_bi_analytics\__init__.py","9"
"D:\hemidi-labs\midicoder-ce\midicoder\packs\cp17_bi_analytics\tests\test_coverage_gaps.py","6"
"D:\hemidi-labs\midicoder-ce\midicoder\packs\cp17_bi_analytics\tests\test_engine.py","4"
"D:\hemidi-labs\midicoder-ce\midicoder\packs\cp17_bi_analytics\tests\test_integration.py","53"
"D:\hemidi-labs\midicoder-ce\midicoder\packs\cp17_bi_analytics\tests\test_models.py","1"
"D:\hemidi-labs\midicoder-ce\midicoder\packs\cp17_bi_analytics\tests\test_parser.py","2"
"D:\hemidi-labs\midicoder-ce\midicoder\packs\cp17_bi_analytics\tests\test_templates.py","10"
"D:\hemidi-labs\midicoder-ce\midicoder\packs\cp18_frontend_framework\angular.py","1"
"D:\hemidi-labs\midicoder-ce\midicoder\packs\cp18_frontend_framework\fastapi.py","1"
"D:\hemidi-labs\midicoder-ce\midicoder\packs\cp18_frontend_framework\nestjs.py","1"
"D:\hemidi-labs\midicoder-ce\midicoder\packs\cp18_frontend_framework\parser.py","1"
"D:\hemidi-labs\midicoder-ce\midicoder\packs\cp18_frontend_framework\react.py","1"
"D:\hemidi-labs\midicoder-ce\midicoder\packs\cp18_frontend_framework\__init__.py","6"
"D:\hemidi-labs\midicoder-ce\midicoder\packs\cp18_frontend_framework\tests\test_emitters.py","2"
"D:\hemidi-labs\midicoder-ce\midicoder\packs\cp18_frontend_framework\tests\test_parser.py","1"
"D:\hemidi-labs\midicoder-ce\midicoder\packs\cp19_ui_components\angular.py","2"
"D:\hemidi-labs\midicoder-ce\midicoder\packs\cp19_ui_components\fastapi.py","2"
"D:\hemidi-labs\midicoder-ce\midicoder\packs\cp19_ui_components\nestjs.py","2"
"D:\hemidi-labs\midicoder-ce\midicoder\packs\cp19_ui_components\react.py","2"
"D:\hemidi-labs\midicoder-ce\midicoder\packs\cp19_ui_components\__init__.py","5"
"D:\hemidi-labs\midicoder-ce\midicoder\packs\cp19_ui_components\tests\test_emitter_detail_and_edge_cases.py","19"
"D:\hemidi-labs\midicoder-ce\midicoder\packs\cp19_ui_components\tests\test_per_ui_component_expansion.py","1"
"D:\hemidi-labs\midicoder-ce\midicoder\packs\cp19_ui_components\tests\test_phase7_tests.py","11"
"D:\hemidi-labs\midicoder-ce\midicoder\packs\cp19_ui_components\tests\test_ui_component_emitters.py","17"
"D:\hemidi-labs\midicoder-ce\midicoder\packs\cp19_ui_components\tests\test_ui_component_integration.py","7"
"D:\hemidi-labs\midicoder-ce\midicoder\packs\cp19_ui_components\tests\test_ui_component_models.py","31"
"D:\hemidi-labs\midicoder-ce\midicoder\packs\cp20_api_client\angular.py","2"
"D:\hemidi-labs\midicoder-ce\midicoder\packs\cp20_api_client\fastapi.py","2"
"D:\hemidi-labs\midicoder-ce\midicoder\packs\cp20_api_client\nestjs.py","2"
"D:\hemidi-labs\midicoder-ce\midicoder\packs\cp20_api_client\react.py","2"
"D:\hemidi-labs\midicoder-ce\midicoder\packs\cp20_api_client\__init__.py","5"
"D:\hemidi-labs\midicoder-ce\midicoder\packs\cp20_api_client\tests\test_fastapi.py","2"
"D:\hemidi-labs\midicoder-ce\midicoder\packs\cp20_api_client\tests\test_models.py","1"
"D:\hemidi-labs\midicoder-ce\midicoder\packs\cp21_auth_ui\angular.py","2"
"D:\hemidi-labs\midicoder-ce\midicoder\packs\cp21_auth_ui\models.py","1"
"D:\hemidi-labs\midicoder-ce\midicoder\packs\cp21_auth_ui\react.py","2"
"D:\hemidi-labs\midicoder-ce\midicoder\packs\cp21_auth_ui\__init__.py","3"
"D:\hemidi-labs\midicoder-ce\midicoder\packs\cp21_auth_ui\tests\test_angular.py","2"
"D:\hemidi-labs\midicoder-ce\midicoder\packs\cp21_auth_ui\tests\test_integration.py","3"
"D:\hemidi-labs\midicoder-ce\midicoder\packs\cp21_auth_ui\tests\test_models.py","1"
"D:\hemidi-labs\midicoder-ce\midicoder\packs\cp21_auth_ui\tests\test_react.py","2"
"D:\hemidi-labs\midicoder-ce\midicoder\packs\cp22_realtime_ui\__init__.py","5"
"D:\hemidi-labs\midicoder-ce\midicoder\packs\cp22_realtime_ui\tests\test_realtime_angular_emitter.py","2"
"D:\hemidi-labs\midicoder-ce\midicoder\packs\cp22_realtime_ui\tests\test_realtime_models.py","1"
"D:\hemidi-labs\midicoder-ce\midicoder\packs\cp22_realtime_ui\tests\test_realtime_parser.py","2"
"D:\hemidi-labs\midicoder-ce\midicoder\packs\cp22_realtime_ui\tests\test_realtime_react_emitter.py","3"
"D:\hemidi-labs\midicoder-ce\midicoder\packs\cp23_testing_framework\angular.py","1"
"D:\hemidi-labs\midicoder-ce\midicoder\packs\cp23_testing_framework\fastapi.py","1"
"D:\hemidi-labs\midicoder-ce\midicoder\packs\cp23_testing_framework\nestjs.py","1"
"D:\hemidi-labs\midicoder-ce\midicoder\packs\cp23_testing_framework\parser.py","2"
"D:\hemidi-labs\midicoder-ce\midicoder\packs\cp23_testing_framework\react.py","1"
"D:\hemidi-labs\midicoder-ce\midicoder\packs\cp23_testing_framework\recipes.py","1"
"D:\hemidi-labs\midicoder-ce\midicoder\packs\cp23_testing_framework\__init__.py","7"
"D:\hemidi-labs\midicoder-ce\midicoder\packs\cp23_testing_framework\tests\test_emitters.py","10"
"D:\hemidi-labs\midicoder-ce\midicoder\packs\cp23_testing_framework\tests\test_models.py","1"
"D:\hemidi-labs\midicoder-ce\midicoder\packs\cp23_testing_framework\tests\test_parser.py","2"
"D:\hemidi-labs\midicoder-ce\midicoder\packs\cp23_testing_framework\tests\test_recipes.py","2"
"D:\hemidi-labs\midicoder-ce\midicoder\packs\cp24_quality_security\angular.py","1"
"D:\hemidi-labs\midicoder-ce\midicoder\packs\cp24_quality_security\fastapi.py","1"
"D:\hemidi-labs\midicoder-ce\midicoder\packs\cp24_quality_security\nestjs.py","1"
"D:\hemidi-labs\midicoder-ce\midicoder\packs\cp24_quality_security\parser.py","1"
"D:\hemidi-labs\midicoder-ce\midicoder\packs\cp24_quality_security\react.py","1"
"D:\hemidi-labs\midicoder-ce\midicoder\packs\cp24_quality_security\recipes.py","1"
"D:\hemidi-labs\midicoder-ce\midicoder\packs\cp24_quality_security\__init__.py","7"
"D:\hemidi-labs\midicoder-ce\midicoder\packs\cp24_quality_security\tests\test_emitters.py","5"
"D:\hemidi-labs\midicoder-ce\midicoder\packs\cp24_quality_security\tests\test_models.py","1"
"D:\hemidi-labs\midicoder-ce\midicoder\packs\cp24_quality_security\tests\test_parser.py","2"
"D:\hemidi-labs\midicoder-ce\midicoder\packs\cp24_quality_security\tests\test_recipes.py","2"
"D:\hemidi-labs\midicoder-ce\midicoder\packs\cp25_performance_testing\angular.py","1"
"D:\hemidi-labs\midicoder-ce\midicoder\packs\cp25_performance_testing\baseline.py","1"
"D:\hemidi-labs\midicoder-ce\midicoder\packs\cp25_performance_testing\fastapi.py","2"
"D:\hemidi-labs\midicoder-ce\midicoder\packs\cp25_performance_testing\nestjs.py","1"
"D:\hemidi-labs\midicoder-ce\midicoder\packs\cp25_performance_testing\parser.py","1"
"D:\hemidi-labs\midicoder-ce\midicoder\packs\cp25_performance_testing\react.py","1"
"D:\hemidi-labs\midicoder-ce\midicoder\packs\cp25_performance_testing\recipes.py","1"
"D:\hemidi-labs\midicoder-ce\midicoder\packs\cp25_performance_testing\__init__.py","8"
"D:\hemidi-labs\midicoder-ce\midicoder\packs\cp25_performance_testing\tests\test_baseline.py","2"
"D:\hemidi-labs\midicoder-ce\midicoder\packs\cp25_performance_testing\tests\test_emitters.py","5"
"D:\hemidi-labs\midicoder-ce\midicoder\packs\cp25_performance_testing\tests\test_models.py","1"
"D:\hemidi-labs\midicoder-ce\midicoder\packs\cp25_performance_testing\tests\test_parser.py","2"
"D:\hemidi-labs\midicoder-ce\midicoder\packs\cp25_performance_testing\tests\test_recipes.py","2"
"D:\hemidi-labs\midicoder-ce\midicoder\packs\cp26_documentation\angular.py","1"
"D:\hemidi-labs\midicoder-ce\midicoder\packs\cp26_documentation\fastapi.py","1"
"D:\hemidi-labs\midicoder-ce\midicoder\packs\cp26_documentation\nestjs.py","1"
"D:\hemidi-labs\midicoder-ce\midicoder\packs\cp26_documentation\parser.py","1"
"D:\hemidi-labs\midicoder-ce\midicoder\packs\cp26_documentation\react.py","1"
"D:\hemidi-labs\midicoder-ce\midicoder\packs\cp26_documentation\recipes.py","1"
"D:\hemidi-labs\midicoder-ce\midicoder\packs\cp26_documentation\__init__.py","7"
"D:\hemidi-labs\midicoder-ce\midicoder\packs\cp26_documentation\tests\test_emitters.py","5"
"D:\hemidi-labs\midicoder-ce\midicoder\packs\cp26_documentation\tests\test_models.py","1"
"D:\hemidi-labs\midicoder-ce\midicoder\packs\cp26_documentation\tests\test_parser.py","2"
"D:\hemidi-labs\midicoder-ce\midicoder\packs\cp26_documentation\tests\test_recipes.py","2"
"D:\hemidi-labs\midicoder-ce\midicoder\packs\cp27_plugin_system\parser.py","1"
"D:\hemidi-labs\midicoder-ce\midicoder\packs\cp27_plugin_system\recipes.py","1"
"D:\hemidi-labs\midicoder-ce\midicoder\packs\cp27_plugin_system\__init__.py","3"
"D:\hemidi-labs\midicoder-ce\midicoder\packs\cp27_plugin_system\tests\test_models.py","1"
"D:\hemidi-labs\midicoder-ce\midicoder\packs\cp27_plugin_system\tests\test_parser.py","2"
"D:\hemidi-labs\midicoder-ce\midicoder\packs\cp27_plugin_system\tests\test_recipes.py","2"
"D:\hemidi-labs\midicoder-ce\midicoder\packs\cp28_multi_region\fastapi.py","2"
"D:\hemidi-labs\midicoder-ce\midicoder\packs\cp28_multi_region\infrastructure.py","2"
"D:\hemidi-labs\midicoder-ce\midicoder\packs\cp28_multi_region\nestjs.py","2"
"D:\hemidi-labs\midicoder-ce\midicoder\packs\cp28_multi_region\parser.py","1"
"D:\hemidi-labs\midicoder-ce\midicoder\packs\cp28_multi_region\recipes.py","1"
"D:\hemidi-labs\midicoder-ce\midicoder\packs\cp28_multi_region\tests\test_fastapi.py","2"
"D:\hemidi-labs\midicoder-ce\midicoder\packs\cp28_multi_region\tests\test_models.py","1"
"D:\hemidi-labs\midicoder-ce\midicoder\packs\cp28_multi_region\tests\test_nestjs.py","2"
"D:\hemidi-labs\midicoder-ce\midicoder\packs\cp28_multi_region\tests\test_parser.py","1"
"D:\hemidi-labs\midicoder-ce\midicoder\packs\cp28_multi_region\tests\test_recipes.py","3"
"D:\hemidi-labs\midicoder-ce\midicoder\packs\cp29_multi_language\parser.py","1"
"D:\hemidi-labs\midicoder-ce\midicoder\packs\cp29_multi_language\recipes.py","3"
"D:\hemidi-labs\midicoder-ce\midicoder\packs\cp29_multi_language\__init__.py","2"
"D:\hemidi-labs\midicoder-ce\midicoder\packs\cp29_multi_language\tests\test_emitters.py","3"
"D:\hemidi-labs\midicoder-ce\midicoder\packs\cp29_multi_language\tests\test_key_extraction.py","2"
"D:\hemidi-labs\midicoder-ce\midicoder\packs\cp29_multi_language\tests\test_models.py","1"
"D:\hemidi-labs\midicoder-ce\midicoder\packs\cp29_multi_language\tests\test_parser.py","1"
"D:\hemidi-labs\midicoder-ce\midicoder\packs\cp29_multi_language\tests\test_recipes.py","3"
"D:\hemidi-labs\midicoder-ce\midicoder\packs\cp30_ai_assisted\parser.py","1"
"D:\hemidi-labs\midicoder-ce\midicoder\packs\cp30_ai_assisted\recipes.py","1"
"D:\hemidi-labs\midicoder-ce\midicoder\packs\cp30_ai_assisted\__init__.py","3"
"D:\hemidi-labs\midicoder-ce\midicoder\packs\cp30_ai_assisted\tests\test_emitters.py","1"
"D:\hemidi-labs\midicoder-ce\midicoder\packs\cp30_ai_assisted\tests\test_models.py","1"
"D:\hemidi-labs\midicoder-ce\midicoder\packs\cp30_ai_assisted\tests\test_parser.py","2"
"D:\hemidi-labs\midicoder-ce\midicoder\packs\cp30_ai_assisted\tests\test_recipes.py","2"
"D:\hemidi-labs\midicoder-ce\midicoder\packs\cp30_ai_assisted\tests\test_templates.py","2"
"D:\hemidi-labs\midicoder-ce\midicoder\packs\cp31_scheduler\calendar_engine.py","1"
"D:\hemidi-labs\midicoder-ce\midicoder\packs\cp31_scheduler\parser.py","1"
"D:\hemidi-labs\midicoder-ce\midicoder\packs\cp31_scheduler\__init__.py","7"
"D:\hemidi-labs\midicoder-ce\midicoder\packs\cp31_scheduler\tests\test_calendar_engine.py","2"
"D:\hemidi-labs\midicoder-ce\midicoder\packs\cp31_scheduler\tests\test_cron_parser.py","1"
"D:\hemidi-labs\midicoder-ce\midicoder\packs\cp31_scheduler\tests\test_fastapi_emitter.py","1"
"D:\hemidi-labs\midicoder-ce\midicoder\packs\cp31_scheduler\tests\test_models.py","1"
"D:\hemidi-labs\midicoder-ce\midicoder\packs\cp31_scheduler\tests\test_nestjs_emitter.py","1"
"D:\hemidi-labs\midicoder-ce\midicoder\packs\cp31_scheduler\tests\test_parser.py","2"
"D:\hemidi-labs\midicoder-ce\midicoder\packs\cp31_scheduler\tests\test_timezone_resolver.py","1"
"D:\hemidi-labs\midicoder-ce\midicoder\packs\cp32_state_machine\parser.py","1"
"D:\hemidi-labs\midicoder-ce\midicoder\packs\cp32_state_machine\__init__.py","5"
"D:\hemidi-labs\midicoder-ce\midicoder\packs\cp32_state_machine\tests\test_engine.py","2"
"D:\hemidi-labs\midicoder-ce\midicoder\packs\cp32_state_machine\tests\test_fastapi_emitter.py","1"
"D:\hemidi-labs\midicoder-ce\midicoder\packs\cp32_state_machine\tests\test_models.py","1"
"D:\hemidi-labs\midicoder-ce\midicoder\packs\cp32_state_machine\tests\test_nestjs_emitter.py","1"
"D:\hemidi-labs\midicoder-ce\midicoder\packs\cp32_state_machine\tests\test_parser.py","2"
"D:\hemidi-labs\midicoder-ce\midicoder\packs\cp33_financial\engine.py","1"
"D:\hemidi-labs\midicoder-ce\midicoder\packs\cp33_financial\parser.py","1"
"D:\hemidi-labs\midicoder-ce\midicoder\packs\cp33_financial\__init__.py","7"
"D:\hemidi-labs\midicoder-ce\midicoder\packs\cp33_financial\tests\test_angular_emitter.py","1"
"D:\hemidi-labs\midicoder-ce\midicoder\packs\cp33_financial\tests\test_engine.py","3"
"D:\hemidi-labs\midicoder-ce\midicoder\packs\cp33_financial\tests\test_fastapi_emitter.py","1"
"D:\hemidi-labs\midicoder-ce\midicoder\packs\cp33_financial\tests\test_models.py","1"
"D:\hemidi-labs\midicoder-ce\midicoder\packs\cp33_financial\tests\test_nestjs_emitter.py","1"
"D:\hemidi-labs\midicoder-ce\midicoder\packs\cp33_financial\tests\test_parser.py","1"
"D:\hemidi-labs\midicoder-ce\midicoder\packs\cp33_financial\tests\test_react_emitter.py","1"
"D:\hemidi-labs\midicoder-ce\midicoder\packs\cp34_reporting\angular.py","1"
"D:\hemidi-labs\midicoder-ce\midicoder\packs\cp34_reporting\fastapi.py","1"
"D:\hemidi-labs\midicoder-ce\midicoder\packs\cp34_reporting\nestjs.py","1"
"D:\hemidi-labs\midicoder-ce\midicoder\packs\cp34_reporting\parser.py","1"
"D:\hemidi-labs\midicoder-ce\midicoder\packs\cp34_reporting\react.py","1"
"D:\hemidi-labs\midicoder-ce\midicoder\packs\cp34_reporting\recipes.py","1"
"D:\hemidi-labs\midicoder-ce\midicoder\packs\cp34_reporting\__init__.py","7"
"D:\hemidi-labs\midicoder-ce\midicoder\packs\cp34_reporting\tests\test_emitters.py","5"
"D:\hemidi-labs\midicoder-ce\midicoder\packs\cp34_reporting\tests\test_models.py","1"
"D:\hemidi-labs\midicoder-ce\midicoder\packs\cp34_reporting\tests\test_parser.py","2"
"D:\hemidi-labs\midicoder-ce\midicoder\packs\cp34_reporting\tests\test_recipes.py","2"
"D:\hemidi-labs\midicoder-ce\midicoder\packs\cp35_geospatial\angular.py","1"
"D:\hemidi-labs\midicoder-ce\midicoder\packs\cp35_geospatial\fastapi.py","1"
"D:\hemidi-labs\midicoder-ce\midicoder\packs\cp35_geospatial\nestjs.py","1"
"D:\hemidi-labs\midicoder-ce\midicoder\packs\cp35_geospatial\parser.py","1"
"D:\hemidi-labs\midicoder-ce\midicoder\packs\cp35_geospatial\react.py","1"
"D:\hemidi-labs\midicoder-ce\midicoder\packs\cp35_geospatial\recipes.py","1"
"D:\hemidi-labs\midicoder-ce\midicoder\packs\cp35_geospatial\__init__.py","4"
"D:\hemidi-labs\midicoder-ce\midicoder\packs\cp35_geospatial\tests\test_emitters.py","5"
"D:\hemidi-labs\midicoder-ce\midicoder\packs\cp35_geospatial\tests\test_models.py","1"
"D:\hemidi-labs\midicoder-ce\midicoder\packs\cp35_geospatial\tests\test_parser.py","2"
"D:\hemidi-labs\midicoder-ce\midicoder\packs\cp35_geospatial\tests\test_recipes.py","2"
"D:\hemidi-labs\midicoder-ce\midicoder\packs\cp36_tenant_onboarding\angular.py","1"
"D:\hemidi-labs\midicoder-ce\midicoder\packs\cp36_tenant_onboarding\nestjs.py","1"
"D:\hemidi-labs\midicoder-ce\midicoder\packs\cp36_tenant_onboarding\parser.py","1"
"D:\hemidi-labs\midicoder-ce\midicoder\packs\cp36_tenant_onboarding\react.py","1"
"D:\hemidi-labs\midicoder-ce\midicoder\packs\cp36_tenant_onboarding\recipes.py","1"
"D:\hemidi-labs\midicoder-ce\midicoder\packs\cp36_tenant_onboarding\__init__.py","7"
"D:\hemidi-labs\midicoder-ce\midicoder\packs\cp36_tenant_onboarding\tests\test_emitters.py","6"
"D:\hemidi-labs\midicoder-ce\midicoder\packs\cp36_tenant_onboarding\tests\test_models.py","7"
"D:\hemidi-labs\midicoder-ce\midicoder\packs\cp36_tenant_onboarding\tests\test_parser.py","2"
"D:\hemidi-labs\midicoder-ce\midicoder\packs\cp36_tenant_onboarding\tests\test_recipes.py","2"
"D:\hemidi-labs\midicoder-ce\midicoder\packs\cp37_feature_flags\angular.py","2"
"D:\hemidi-labs\midicoder-ce\midicoder\packs\cp37_feature_flags\fastapi.py","2"
"D:\hemidi-labs\midicoder-ce\midicoder\packs\cp37_feature_flags\nestjs.py","2"
"D:\hemidi-labs\midicoder-ce\midicoder\packs\cp37_feature_flags\parser.py","1"
"D:\hemidi-labs\midicoder-ce\midicoder\packs\cp37_feature_flags\react.py","2"
"D:\hemidi-labs\midicoder-ce\midicoder\packs\cp37_feature_flags\recipes.py","2"
"D:\hemidi-labs\midicoder-ce\midicoder\packs\cp37_feature_flags\__init__.py","7"
"D:\hemidi-labs\midicoder-ce\midicoder\packs\cp37_feature_flags\tests\test_emitters.py","41"
"D:\hemidi-labs\midicoder-ce\midicoder\packs\cp37_feature_flags\tests\test_models.py","70"
"D:\hemidi-labs\midicoder-ce\midicoder\packs\cp37_feature_flags\tests\test_parser.py","1"
"D:\hemidi-labs\midicoder-ce\midicoder\packs\cp37_feature_flags\tests\test_recipes.py","5"
"D:\hemidi-labs\midicoder-ce\midicoder\packs\cp38_data_etl\angular.py","1"
"D:\hemidi-labs\midicoder-ce\midicoder\packs\cp38_data_etl\fastapi.py","2"
"D:\hemidi-labs\midicoder-ce\midicoder\packs\cp38_data_etl\nestjs.py","2"
"D:\hemidi-labs\midicoder-ce\midicoder\packs\cp38_data_etl\parser.py","1"
"D:\hemidi-labs\midicoder-ce\midicoder\packs\cp38_data_etl\react.py","1"
"D:\hemidi-labs\midicoder-ce\midicoder\packs\cp38_data_etl\recipes.py","2"
"D:\hemidi-labs\midicoder-ce\midicoder\packs\cp38_data_etl\__init__.py","7"
"D:\hemidi-labs\midicoder-ce\midicoder\packs\cp38_data_etl\tests\test_emitters.py","38"
"D:\hemidi-labs\midicoder-ce\midicoder\packs\cp38_data_etl\tests\test_models.py","91"
"D:\hemidi-labs\midicoder-ce\midicoder\packs\cp38_data_etl\tests\test_parser.py","1"
"D:\hemidi-labs\midicoder-ce\midicoder\packs\cp38_data_etl\tests\test_recipes.py","12"
"D:\hemidi-labs\midicoder-ce\midicoder\packs\cp39_i18n_runtime\angular.py","2"
"D:\hemidi-labs\midicoder-ce\midicoder\packs\cp39_i18n_runtime\fastapi.py","2"
"D:\hemidi-labs\midicoder-ce\midicoder\packs\cp39_i18n_runtime\nestjs.py","2"
"D:\hemidi-labs\midicoder-ce\midicoder\packs\cp39_i18n_runtime\parser.py","1"
"D:\hemidi-labs\midicoder-ce\midicoder\packs\cp39_i18n_runtime\react.py","2"
"D:\hemidi-labs\midicoder-ce\midicoder\packs\cp39_i18n_runtime\recipes.py","2"
"D:\hemidi-labs\midicoder-ce\midicoder\packs\cp39_i18n_runtime\__init__.py","7"
"D:\hemidi-labs\midicoder-ce\midicoder\packs\cp39_i18n_runtime\tests\test_emitters.py","39"
"D:\hemidi-labs\midicoder-ce\midicoder\packs\cp39_i18n_runtime\tests\test_models.py","52"
"D:\hemidi-labs\midicoder-ce\midicoder\packs\cp39_i18n_runtime\tests\test_parser.py","20"
"D:\hemidi-labs\midicoder-ce\midicoder\packs\cp39_i18n_runtime\tests\test_recipes.py","20"
"D:\hemidi-labs\midicoder-ce\midicoder\packs\cp40_webhook\angular.py","1"
"D:\hemidi-labs\midicoder-ce\midicoder\packs\cp40_webhook\fastapi.py","1"
"D:\hemidi-labs\midicoder-ce\midicoder\packs\cp40_webhook\nestjs.py","1"
"D:\hemidi-labs\midicoder-ce\midicoder\packs\cp40_webhook\parser.py","2"
"D:\hemidi-labs\midicoder-ce\midicoder\packs\cp40_webhook\react.py","1"
"D:\hemidi-labs\midicoder-ce\midicoder\packs\cp40_webhook\recipes.py","2"
"D:\hemidi-labs\midicoder-ce\midicoder\packs\cp40_webhook\__init__.py","7"
"D:\hemidi-labs\midicoder-ce\midicoder\packs\cp40_webhook\tests\test_emitters.py","53"
"D:\hemidi-labs\midicoder-ce\midicoder\packs\cp40_webhook\tests\test_models.py","73"
"D:\hemidi-labs\midicoder-ce\midicoder\packs\cp40_webhook\tests\test_parser.py","7"
"D:\hemidi-labs\midicoder-ce\midicoder\packs\cp40_webhook\tests\test_recipes.py","13"
"D:\hemidi-labs\midicoder-ce\midicoder\packs\cp41_chat\angular.py","1"
"D:\hemidi-labs\midicoder-ce\midicoder\packs\cp41_chat\fastapi.py","1"
"D:\hemidi-labs\midicoder-ce\midicoder\packs\cp41_chat\nestjs.py","1"
"D:\hemidi-labs\midicoder-ce\midicoder\packs\cp41_chat\parser.py","1"
"D:\hemidi-labs\midicoder-ce\midicoder\packs\cp41_chat\react.py","1"
"D:\hemidi-labs\midicoder-ce\midicoder\packs\cp41_chat\recipes.py","2"
"D:\hemidi-labs\midicoder-ce\midicoder\packs\cp41_chat\__init__.py","7"
"D:\hemidi-labs\midicoder-ce\midicoder\packs\cp41_chat\tests\test_emitters.py","51"
"D:\hemidi-labs\midicoder-ce\midicoder\packs\cp41_chat\tests\test_models.py","97"
"D:\hemidi-labs\midicoder-ce\midicoder\packs\cp41_chat\tests\test_parser.py","8"
"D:\hemidi-labs\midicoder-ce\midicoder\packs\cp41_chat\tests\test_recipes.py","14"
"D:\hemidi-labs\midicoder-ce\midicoder\packs\cp42_approval\angular.py","1"
"D:\hemidi-labs\midicoder-ce\midicoder\packs\cp42_approval\fastapi.py","1"
"D:\hemidi-labs\midicoder-ce\midicoder\packs\cp42_approval\nestjs.py","1"
"D:\hemidi-labs\midicoder-ce\midicoder\packs\cp42_approval\parser.py","1"
"D:\hemidi-labs\midicoder-ce\midicoder\packs\cp42_approval\react.py","1"
"D:\hemidi-labs\midicoder-ce\midicoder\packs\cp42_approval\recipes.py","2"
"D:\hemidi-labs\midicoder-ce\midicoder\packs\cp42_approval\__init__.py","7"
"D:\hemidi-labs\midicoder-ce\midicoder\packs\cp42_approval\tests\test_emitters.py","51"
"D:\hemidi-labs\midicoder-ce\midicoder\packs\cp42_approval\tests\test_models.py","117"
"D:\hemidi-labs\midicoder-ce\midicoder\packs\cp42_approval\tests\test_parser.py","41"
"D:\hemidi-labs\midicoder-ce\midicoder\packs\cp42_approval\tests\test_recipes.py","10"
"D:\hemidi-labs\midicoder-ce\midicoder\packs\cp43_versioning\angular.py","1"
"D:\hemidi-labs\midicoder-ce\midicoder\packs\cp43_versioning\fastapi.py","1"
"D:\hemidi-labs\midicoder-ce\midicoder\packs\cp43_versioning\nestjs.py","1"
"D:\hemidi-labs\midicoder-ce\midicoder\packs\cp43_versioning\parser.py","1"
"D:\hemidi-labs\midicoder-ce\midicoder\packs\cp43_versioning\react.py","1"
"D:\hemidi-labs\midicoder-ce\midicoder\packs\cp43_versioning\recipes.py","1"
"D:\hemidi-labs\midicoder-ce\midicoder\packs\cp43_versioning\__init__.py","7"
"D:\hemidi-labs\midicoder-ce\midicoder\packs\cp43_versioning\tests\test_emitters.py","5"
"D:\hemidi-labs\midicoder-ce\midicoder\packs\cp43_versioning\tests\test_models.py","1"
"D:\hemidi-labs\midicoder-ce\midicoder\packs\cp43_versioning\tests\test_parser.py","2"
"D:\hemidi-labs\midicoder-ce\midicoder\packs\cp43_versioning\tests\test_recipes.py","2"
"D:\hemidi-labs\midicoder-ce\midicoder\packs\cp44_bulk_ops\angular.py","1"
"D:\hemidi-labs\midicoder-ce\midicoder\packs\cp44_bulk_ops\fastapi.py","1"
"D:\hemidi-labs\midicoder-ce\midicoder\packs\cp44_bulk_ops\nestjs.py","1"
"D:\hemidi-labs\midicoder-ce\midicoder\packs\cp44_bulk_ops\parser.py","1"
"D:\hemidi-labs\midicoder-ce\midicoder\packs\cp44_bulk_ops\react.py","1"
"D:\hemidi-labs\midicoder-ce\midicoder\packs\cp44_bulk_ops\recipes.py","2"
"D:\hemidi-labs\midicoder-ce\midicoder\packs\cp44_bulk_ops\__init__.py","3"
"D:\hemidi-labs\midicoder-ce\midicoder\packs\cp44_bulk_ops\tests\test_emitters.py","14"
"D:\hemidi-labs\midicoder-ce\midicoder\packs\cp44_bulk_ops\tests\test_models.py","99"
"D:\hemidi-labs\midicoder-ce\midicoder\packs\cp44_bulk_ops\tests\test_parser.py","2"
"D:\hemidi-labs\midicoder-ce\midicoder\packs\cp44_bulk_ops\tests\test_recipes.py","3"
"D:\hemidi-labs\midicoder-ce\midicoder\packs\cp44_bulk_ops\tests\test_templates.py","3"
"D:\hemidi-labs\midicoder-ce\midicoder\packs\cp45_payment\angular.py","1"
"D:\hemidi-labs\midicoder-ce\midicoder\packs\cp45_payment\fastapi.py","1"
"D:\hemidi-labs\midicoder-ce\midicoder\packs\cp45_payment\nestjs.py","1"
"D:\hemidi-labs\midicoder-ce\midicoder\packs\cp45_payment\parser.py","1"
"D:\hemidi-labs\midicoder-ce\midicoder\packs\cp45_payment\react.py","1"
"D:\hemidi-labs\midicoder-ce\midicoder\packs\cp45_payment\recipes.py","2"
"D:\hemidi-labs\midicoder-ce\midicoder\packs\cp45_payment\__init__.py","3"
"D:\hemidi-labs\midicoder-ce\midicoder\packs\cp45_payment\tests\test_emitters.py","13"
"D:\hemidi-labs\midicoder-ce\midicoder\packs\cp45_payment\tests\test_models.py","1"
"D:\hemidi-labs\midicoder-ce\midicoder\packs\cp45_payment\tests\test_parser.py","2"
"D:\hemidi-labs\midicoder-ce\midicoder\packs\cp45_payment\tests\test_recipes.py","4"
"D:\hemidi-labs\midicoder-ce\midicoder\packs\cp46_mfa\angular.py","1"
"D:\hemidi-labs\midicoder-ce\midicoder\packs\cp46_mfa\fastapi.py","1"
"D:\hemidi-labs\midicoder-ce\midicoder\packs\cp46_mfa\nestjs.py","1"
"D:\hemidi-labs\midicoder-ce\midicoder\packs\cp46_mfa\parser.py","1"
"D:\hemidi-labs\midicoder-ce\midicoder\packs\cp46_mfa\react.py","1"
"D:\hemidi-labs\midicoder-ce\midicoder\packs\cp46_mfa\recipes.py","2"
"D:\hemidi-labs\midicoder-ce\midicoder\packs\cp46_mfa\__init__.py","3"
"D:\hemidi-labs\midicoder-ce\midicoder\packs\cp46_mfa\tests\test_emitters.py","7"
"D:\hemidi-labs\midicoder-ce\midicoder\packs\cp46_mfa\tests\test_models.py","1"
"D:\hemidi-labs\midicoder-ce\midicoder\packs\cp46_mfa\tests\test_parser.py","2"
"D:\hemidi-labs\midicoder-ce\midicoder\packs\cp46_mfa\tests\test_recipes.py","3"
"D:\hemidi-labs\midicoder-ce\midicoder\packs\cp46_mfa\tests\test_templates.py","3"
"D:\hemidi-labs\midicoder-ce\midicoder\packs\cp47_retention\angular.py","1"
"D:\hemidi-labs\midicoder-ce\midicoder\packs\cp47_retention\fastapi.py","1"
"D:\hemidi-labs\midicoder-ce\midicoder\packs\cp47_retention\nestjs.py","1"
"D:\hemidi-labs\midicoder-ce\midicoder\packs\cp47_retention\parser.py","1"
"D:\hemidi-labs\midicoder-ce\midicoder\packs\cp47_retention\react.py","1"
"D:\hemidi-labs\midicoder-ce\midicoder\packs\cp47_retention\recipes.py","1"
"D:\hemidi-labs\midicoder-ce\midicoder\packs\cp47_retention\__init__.py","3"
"D:\hemidi-labs\midicoder-ce\midicoder\packs\cp47_retention\tests\test_emitters.py","13"
"D:\hemidi-labs\midicoder-ce\midicoder\packs\cp47_retention\tests\test_models.py","1"
"D:\hemidi-labs\midicoder-ce\midicoder\packs\cp47_retention\tests\test_parser.py","1"
"D:\hemidi-labs\midicoder-ce\midicoder\packs\cp47_retention\tests\test_recipes.py","3"
"D:\hemidi-labs\midicoder-ce\midicoder\packs\cp48_rate_limit\angular.py","1"
"D:\hemidi-labs\midicoder-ce\midicoder\packs\cp48_rate_limit\fastapi.py","1"
"D:\hemidi-labs\midicoder-ce\midicoder\packs\cp48_rate_limit\nestjs.py","1"
"D:\hemidi-labs\midicoder-ce\midicoder\packs\cp48_rate_limit\parser.py","1"
"D:\hemidi-labs\midicoder-ce\midicoder\packs\cp48_rate_limit\react.py","1"
"D:\hemidi-labs\midicoder-ce\midicoder\packs\cp48_rate_limit\recipes.py","2"
"D:\hemidi-labs\midicoder-ce\midicoder\packs\cp48_rate_limit\__init__.py","3"
"D:\hemidi-labs\midicoder-ce\midicoder\packs\cp48_rate_limit\tests\test_emitters.py","6"
"D:\hemidi-labs\midicoder-ce\midicoder\packs\cp48_rate_limit\tests\test_models.py","1"
"D:\hemidi-labs\midicoder-ce\midicoder\packs\cp48_rate_limit\tests\test_parser.py","2"
"D:\hemidi-labs\midicoder-ce\midicoder\packs\cp48_rate_limit\tests\test_recipes.py","2"
"D:\hemidi-labs\midicoder-ce\midicoder\packs\cp49_consent\angular.py","1"
"D:\hemidi-labs\midicoder-ce\midicoder\packs\cp49_consent\fastapi.py","1"
"D:\hemidi-labs\midicoder-ce\midicoder\packs\cp49_consent\nestjs.py","1"
"D:\hemidi-labs\midicoder-ce\midicoder\packs\cp49_consent\parser.py","1"
"D:\hemidi-labs\midicoder-ce\midicoder\packs\cp49_consent\react.py","1"
"D:\hemidi-labs\midicoder-ce\midicoder\packs\cp49_consent\recipes.py","2"
"D:\hemidi-labs\midicoder-ce\midicoder\packs\cp49_consent\__init__.py","7"
"D:\hemidi-labs\midicoder-ce\midicoder\packs\cp49_consent\tests\test_emitters.py","44"
"D:\hemidi-labs\midicoder-ce\midicoder\packs\cp49_consent\tests\test_models.py","103"
"D:\hemidi-labs\midicoder-ce\midicoder\packs\cp49_consent\tests\test_parser.py","2"
"D:\hemidi-labs\midicoder-ce\midicoder\packs\cp49_consent\tests\test_recipes.py","3"
"D:\hemidi-labs\midicoder-ce\midicoder\packs\cp49_consent\tests\test_templates.py","11"
"D:\hemidi-labs\midicoder-ce\midicoder\packs\cp50_catalog\angular.py","1"
"D:\hemidi-labs\midicoder-ce\midicoder\packs\cp50_catalog\fastapi.py","1"
"D:\hemidi-labs\midicoder-ce\midicoder\packs\cp50_catalog\nestjs.py","1"
"D:\hemidi-labs\midicoder-ce\midicoder\packs\cp50_catalog\parser.py","1"
"D:\hemidi-labs\midicoder-ce\midicoder\packs\cp50_catalog\react.py","1"
"D:\hemidi-labs\midicoder-ce\midicoder\packs\cp50_catalog\recipes.py","2"
"D:\hemidi-labs\midicoder-ce\midicoder\packs\cp50_catalog\__init__.py","7"
"D:\hemidi-labs\midicoder-ce\midicoder\packs\cp50_catalog\tests\test_emitters.py","44"
"D:\hemidi-labs\midicoder-ce\midicoder\packs\cp50_catalog\tests\test_models.py","88"
"D:\hemidi-labs\midicoder-ce\midicoder\packs\cp50_catalog\tests\test_parser.py","2"
"D:\hemidi-labs\midicoder-ce\midicoder\packs\cp50_catalog\tests\test_recipes.py","3"
"D:\hemidi-labs\midicoder-ce\midicoder\packs\cp51_blueprint\recipes.py","1"
"D:\hemidi-labs\midicoder-ce\midicoder\packs\cp51_blueprint\__init__.py","5"
"D:\hemidi-labs\midicoder-ce\midicoder\packs\cp51_blueprint\tests\test_models.py","1"
"D:\hemidi-labs\midicoder-ce\midicoder\packs\cp52_invariant\fastapi.py","5"
"D:\hemidi-labs\midicoder-ce\midicoder\packs\cp52_invariant\manager.py","20"
"D:\hemidi-labs\midicoder-ce\midicoder\packs\cp52_invariant\__init__.py","7"
"D:\hemidi-labs\midicoder-ce\midicoder\packs\cp52_invariant\business\checks.py","2"
"D:\hemidi-labs\midicoder-ce\midicoder\packs\cp52_invariant\business\__init__.py","1"
"D:\hemidi-labs\midicoder-ce\midicoder\packs\cp52_invariant\compliance\checks.py","2"
"D:\hemidi-labs\midicoder-ce\midicoder\packs\cp52_invariant\compliance\__init__.py","1"
"D:\hemidi-labs\midicoder-ce\midicoder\packs\cp52_invariant\domain\__init__.py","3"
"D:\hemidi-labs\midicoder-ce\midicoder\packs\cp52_invariant\failure_mode\checks.py","2"
"D:\hemidi-labs\midicoder-ce\midicoder\packs\cp52_invariant\failure_mode\__init__.py","1"
"D:\hemidi-labs\midicoder-ce\midicoder\packs\cp52_invariant\runtime\emitter.py","1"
"D:\hemidi-labs\midicoder-ce\midicoder\packs\cp52_invariant\tests\test_models.py","1"
"D:\hemidi-labs\midicoder-ce\midicoder\packs\cp53_domain_bridge\fastapi.py","1"
"D:\hemidi-labs\midicoder-ce\midicoder\packs\cp53_domain_bridge\nestjs.py","1"
"D:\hemidi-labs\midicoder-ce\midicoder\packs\cp53_domain_bridge\__init__.py","4"
"D:\hemidi-labs\midicoder-ce\midicoder\packs\cp53_domain_bridge\tests\test_models.py","1"
"D:\hemidi-labs\midicoder-ce\midicoder\packs\cp54_kubernetes\fastapi.py","2"
"D:\hemidi-labs\midicoder-ce\midicoder\packs\cp54_kubernetes\infrastructure.py","1"
"D:\hemidi-labs\midicoder-ce\midicoder\packs\cp54_kubernetes\nestjs.py","2"
"D:\hemidi-labs\midicoder-ce\midicoder\packs\cp54_kubernetes\parser.py","1"
"D:\hemidi-labs\midicoder-ce\midicoder\packs\cp54_kubernetes\recipes.py","1"
"D:\hemidi-labs\midicoder-ce\midicoder\packs\cp54_kubernetes\tests\test_models.py","1"
"D:\hemidi-labs\midicoder-ce\midicoder\packs\cp55_cicd\infrastructure.py","1"
"D:\hemidi-labs\midicoder-ce\midicoder\packs\cp55_cicd\parser.py","1"
"D:\hemidi-labs\midicoder-ce\midicoder\packs\cp55_cicd\recipes.py","2"
"D:\hemidi-labs\midicoder-ce\midicoder\packs\cp55_cicd\tests\test_models.py","1"
"D:\hemidi-labs\midicoder-ce\midicoder\packs\cp56_env_secrets\fastapi.py","1"
"D:\hemidi-labs\midicoder-ce\midicoder\packs\cp56_env_secrets\infrastructure.py","1"
"D:\hemidi-labs\midicoder-ce\midicoder\packs\cp56_env_secrets\nestjs.py","1"
"D:\hemidi-labs\midicoder-ce\midicoder\packs\cp56_env_secrets\parser.py","1"
"D:\hemidi-labs\midicoder-ce\midicoder\packs\cp56_env_secrets\recipes.py","1"
"D:\hemidi-labs\midicoder-ce\midicoder\packs\cp56_env_secrets\tests\test_models.py","1"
"D:\hemidi-labs\midicoder-ce\midicoder\packs\cp57_graphql_federation\fastapi.py","1"
"D:\hemidi-labs\midicoder-ce\midicoder\packs\cp57_graphql_federation\nestjs.py","1"
"D:\hemidi-labs\midicoder-ce\midicoder\packs\cp57_graphql_federation\parser.py","1"
"D:\hemidi-labs\midicoder-ce\midicoder\packs\cp57_graphql_federation\recipes.py","1"
"D:\hemidi-labs\midicoder-ce\midicoder\packs\cp57_graphql_federation\tests\test_models.py","1"
"D:\hemidi-labs\midicoder-ce\midicoder\packs\cp58_encryption\fastapi.py","1"
"D:\hemidi-labs\midicoder-ce\midicoder\packs\cp58_encryption\nestjs.py","1"
"D:\hemidi-labs\midicoder-ce\midicoder\packs\cp58_encryption\parser.py","1"
"D:\hemidi-labs\midicoder-ce\midicoder\packs\cp58_encryption\recipes.py","2"
"D:\hemidi-labs\midicoder-ce\midicoder\packs\cp58_encryption\tests\test_models.py","1"
"D:\hemidi-labs\midicoder-ce\midicoder\packs\cp59_tenant_billing\fastapi.py","1"
"D:\hemidi-labs\midicoder-ce\midicoder\packs\cp59_tenant_billing\nestjs.py","1"
"D:\hemidi-labs\midicoder-ce\midicoder\packs\cp59_tenant_billing\parser.py","1"
"D:\hemidi-labs\midicoder-ce\midicoder\packs\cp59_tenant_billing\recipes.py","1"
"D:\hemidi-labs\midicoder-ce\midicoder\packs\cp59_tenant_billing\tests\test_models.py","1"
"D:\hemidi-labs\midicoder-ce\midicoder\packs\cp60_service_discovery\fastapi.py","1"
"D:\hemidi-labs\midicoder-ce\midicoder\packs\cp60_service_discovery\nestjs.py","1"
"D:\hemidi-labs\midicoder-ce\midicoder\packs\cp60_service_discovery\parser.py","1"
"D:\hemidi-labs\midicoder-ce\midicoder\packs\cp60_service_discovery\recipes.py","1"
"D:\hemidi-labs\midicoder-ce\midicoder\packs\cp60_service_discovery\__init__.py","3"
"D:\hemidi-labs\midicoder-ce\midicoder\packs\cp60_service_discovery\tests\test_models.py","1"
"D:\hemidi-labs\midicoder-ce\midicoder\packs\cp61_distributed_tracing\fastapi.py","1"
"D:\hemidi-labs\midicoder-ce\midicoder\packs\cp61_distributed_tracing\nestjs.py","1"
"D:\hemidi-labs\midicoder-ce\midicoder\packs\cp61_distributed_tracing\parser.py","1"
"D:\hemidi-labs\midicoder-ce\midicoder\packs\cp61_distributed_tracing\recipes.py","1"
"D:\hemidi-labs\midicoder-ce\midicoder\packs\cp61_distributed_tracing\tests\test_models.py","1"
"D:\hemidi-labs\midicoder-ce\midicoder\packs\cp62_mobile_backend\fastapi.py","1"
"D:\hemidi-labs\midicoder-ce\midicoder\packs\cp62_mobile_backend\nestjs.py","1"
"D:\hemidi-labs\midicoder-ce\midicoder\packs\cp62_mobile_backend\parser.py","1"
"D:\hemidi-labs\midicoder-ce\midicoder\packs\cp62_mobile_backend\recipes.py","2"
"D:\hemidi-labs\midicoder-ce\midicoder\packs\cp62_mobile_backend\tests\test_models.py","1"
"D:\hemidi-labs\midicoder-ce\midicoder\packs\cp63_recommendation\fastapi.py","1"
"D:\hemidi-labs\midicoder-ce\midicoder\packs\cp63_recommendation\nestjs.py","1"
"D:\hemidi-labs\midicoder-ce\midicoder\packs\cp63_recommendation\parser.py","1"
"D:\hemidi-labs\midicoder-ce\midicoder\packs\cp63_recommendation\recipes.py","1"
"D:\hemidi-labs\midicoder-ce\midicoder\packs\cp63_recommendation\tests\test_models.py","1"
"D:\hemidi-labs\midicoder-ce\midicoder\packs\cp64_contract_testing\fastapi.py","1"
"D:\hemidi-labs\midicoder-ce\midicoder\packs\cp64_contract_testing\nestjs.py","1"
"D:\hemidi-labs\midicoder-ce\midicoder\packs\cp64_contract_testing\parser.py","1"
"D:\hemidi-labs\midicoder-ce\midicoder\packs\cp64_contract_testing\recipes.py","1"
"D:\hemidi-labs\midicoder-ce\midicoder\packs\cp64_contract_testing\__init__.py","5"
"D:\hemidi-labs\midicoder-ce\midicoder\packs\cp64_contract_testing\tests\test_fastapi.py","3"
"D:\hemidi-labs\midicoder-ce\midicoder\packs\cp64_contract_testing\tests\test_models.py","1"
"D:\hemidi-labs\midicoder-ce\midicoder\packs\cp64_contract_testing\tests\test_nestjs.py","3"
"D:\hemidi-labs\midicoder-ce\midicoder\packs\cp64_contract_testing\tests\test_parser.py","2"
"D:\hemidi-labs\midicoder-ce\midicoder\packs\cp64_contract_testing\tests\test_recipes.py","2"
"D:\hemidi-labs\midicoder-ce\midicoder\packs\cp65_backup_recovery\fastapi.py","1"
"D:\hemidi-labs\midicoder-ce\midicoder\packs\cp65_backup_recovery\infrastructure.py","1"
"D:\hemidi-labs\midicoder-ce\midicoder\packs\cp65_backup_recovery\nestjs.py","1"
"D:\hemidi-labs\midicoder-ce\midicoder\packs\cp65_backup_recovery\parser.py","1"
"D:\hemidi-labs\midicoder-ce\midicoder\packs\cp65_backup_recovery\recipes.py","2"
"D:\hemidi-labs\midicoder-ce\midicoder\packs\cp65_backup_recovery\tests\test_fastapi.py","3"
"D:\hemidi-labs\midicoder-ce\midicoder\packs\cp65_backup_recovery\tests\test_models.py","1"
"D:\hemidi-labs\midicoder-ce\midicoder\packs\cp65_backup_recovery\tests\test_nestjs.py","3"
"D:\hemidi-labs\midicoder-ce\midicoder\packs\cp65_backup_recovery\tests\test_parser.py","2"
"D:\hemidi-labs\midicoder-ce\midicoder\packs\cp65_backup_recovery\tests\test_recipes.py","3"
